corpus_id,port,container,data_dir,security,chunk_size,ws_coalescing
full-128k-tier512-streams8-20260910-r1,9561,snapshare-streams8-20260910-r1-full-128k-512,/mnt/snapshare-zstd-streaming/streams8/20260910-r1/full-128k-tier512-streams8-20260910-r1,full,131072,false
full-4k-tier512-streams8-20260910-r1,9562,snapshare-streams8-20260910-r1-full-4k-512,/mnt/snapshare-zstd-streaming/streams8/20260910-r1/full-4k-tier512-streams8-20260910-r1,full,4096,true
full-dedup-4k-tier512-streams8-20260910-r1,9563,snapshare-streams8-20260910-r1-full-dedup-4k-512,/mnt/snapshare-zstd-streaming/streams8/20260910-r1/full-dedup-4k-tier512-streams8-20260910-r1,full-dedup,4096,false
no-image-4k-tier512-streams8-20260910-r1,9564,snapshare-streams8-20260910-r1-no-image-4k-512,/mnt/snapshare-zstd-streaming/streams8/20260910-r1/no-image-4k-tier512-streams8-20260910-r1,no-image-sharing,4096,true
partial-4k-tier512-streams8-20260910-r1,9565,snapshare-streams8-20260910-r1-partial-4k-512,/mnt/snapshare-zstd-streaming/streams8/20260910-r1/partial-4k-tier512-streams8-20260910-r1,partial,4096,true
full-dedup-oracle-tier512-streams8-20260910-r1,9566,snapshare-streams8-20260910-r1-full-dedup-oracle-512,/mnt/snapshare-zstd-streaming/streams8/20260910-r1/full-dedup-oracle-tier512-streams8-20260910-r1,partial,4096,true
full-128k-tier2048-streams8-20260910-r1,9571,snapshare-streams8-20260910-r1-full-128k-2048,/mnt/snapshare-zstd-streaming/streams8/20260910-r1/full-128k-tier2048-streams8-20260910-r1,full,131072,false
full-4k-tier2048-streams8-20260910-r1,9572,snapshare-streams8-20260910-r1-full-4k-2048,/mnt/snapshare-zstd-streaming/streams8/20260910-r1/full-4k-tier2048-streams8-20260910-r1,full,4096,true
full-dedup-4k-tier2048-streams8-20260910-r1,9573,snapshare-streams8-20260910-r1-full-dedup-4k-2048,/mnt/snapshare-zstd-streaming/streams8/20260910-r1/full-dedup-4k-tier2048-streams8-20260910-r1,full-dedup,4096,false
no-image-4k-tier2048-streams8-20260910-r1,9574,snapshare-streams8-20260910-r1-no-image-4k-2048,/mnt/snapshare-zstd-streaming/streams8/20260910-r1/no-image-4k-tier2048-streams8-20260910-r1,no-image-sharing,4096,true
partial-4k-tier2048-streams8-20260910-r1,9575,snapshare-streams8-20260910-r1-partial-4k-2048,/mnt/snapshare-zstd-streaming/streams8/20260910-r1/partial-4k-tier2048-streams8-20260910-r1,partial,4096,true
full-dedup-oracle-tier2048-streams8-20260910-r1,9576,snapshare-streams8-20260910-r1-full-dedup-oracle-2048,/mnt/snapshare-zstd-streaming/streams8/20260910-r1/full-dedup-oracle-tier2048-streams8-20260910-r1,partial,4096,true
full-128k-tier3072-streams8-20260910-r1,9581,snapshare-streams8-20260910-r1-full-128k-3072,/mnt/snapshare-zstd-streaming/streams8/20260910-r1/full-128k-tier3072-streams8-20260910-r1,full,131072,false
full-4k-tier3072-streams8-20260910-r1,9582,snapshare-streams8-20260910-r1-full-4k-3072,/mnt/snapshare-zstd-streaming/streams8/20260910-r1/full-4k-tier3072-streams8-20260910-r1,full,4096,true
full-dedup-4k-tier3072-streams8-20260910-r1,9583,snapshare-streams8-20260910-r1-full-dedup-4k-3072,/mnt/snapshare-zstd-streaming/streams8/20260910-r1/full-dedup-4k-tier3072-streams8-20260910-r1,full-dedup,4096,false
no-image-4k-tier3072-streams8-20260910-r1,9584,snapshare-streams8-20260910-r1-no-image-4k-3072,/mnt/snapshare-zstd-streaming/streams8/20260910-r1/no-image-4k-tier3072-streams8-20260910-r1,no-image-sharing,4096,true
partial-4k-tier3072-streams8-20260910-r1,9585,snapshare-streams8-20260910-r1-partial-4k-3072,/mnt/snapshare-zstd-streaming/streams8/20260910-r1/partial-4k-tier3072-streams8-20260910-r1,partial,4096,true
full-dedup-oracle-tier3072-streams8-20260910-r1,9586,snapshare-streams8-20260910-r1-full-dedup-oracle-3072,/mnt/snapshare-zstd-streaming/streams8/20260910-r1/full-dedup-oracle-tier3072-streams8-20260910-r1,partial,4096,true
